ID,Segmentation
458989,Cat_2
458994,Cat_3
458996,Cat_1
459000,Cat_3
459001,Cat_4
459003,Cat_3
459005,Cat_1
459008,Cat_3
459013,Cat_3
459014,Cat_4
459015,Cat_4
459016,Cat_4
459024,Cat_3
459026,Cat_4
459032,Cat_4
459033,Cat_3
459036,Cat_1
459039,Cat_2
459041,Cat_1
459045,Cat_2
459056,Cat_3
459057,Cat_2
459058,Cat_1
459059,Cat_2
459061,Cat_1
459064,Cat_4
459065,Cat_2
459074,Cat_3
459077,Cat_1
459079,Cat_1
459080,Cat_2
459083,Cat_3
459090,Cat_1
459091,Cat_3
459093,Cat_3
459100,Cat_2
459106,Cat_2
459114,Cat_2
459116,Cat_3
459117,Cat_2
459118,Cat_4
459119,Cat_3
459120,Cat_4
459121,Cat_3
459123,Cat_2
459130,Cat_4
459132,Cat_4
459136,Cat_3
459140,Cat_4
459143,Cat_2
459144,Cat_2
459145,Cat_1
459150,Cat_1
459160,Cat_2
459161,Cat_3
459162,Cat_3
459163,Cat_1
459167,Cat_2
459170,Cat_3
459171,Cat_3
459172,Cat_4
459175,Cat_3
459181,Cat_3
459182,Cat_3
459184,Cat_1
459185,Cat_1
459193,Cat_1
459194,Cat_3
459196,Cat_4
459208,Cat_3
459209,Cat_4
459210,Cat_2
459212,Cat_3
459213,Cat_1
459216,Cat_2
459220,Cat_1
459221,Cat_1
459222,Cat_3
459223,Cat_3
459224,Cat_3
459227,Cat_4
459229,Cat_2
459236,Cat_1
459237,Cat_1
459244,Cat_1
459247,Cat_3
459258,Cat_1
459263,Cat_4
459264,Cat_2
459266,Cat_4
459270,Cat_2
459284,Cat_3
459287,Cat_4
459288,Cat_3
459289,Cat_1
459290,Cat_1
459292,Cat_2
459293,Cat_4
459296,Cat_3
459300,Cat_3
459307,Cat_4
459310,Cat_1
459316,Cat_1
459318,Cat_1
459320,Cat_4
459322,Cat_1
459323,Cat_4
459338,Cat_4
459339,Cat_1
459344,Cat_3
459347,Cat_2
459349,Cat_3
459352,Cat_3
459353,Cat_3
459354,Cat_3
459355,Cat_1
459360,Cat_4
459361,Cat_1
459362,Cat_1
459363,Cat_3
459364,Cat_2
459369,Cat_4
459375,Cat_1
459377,Cat_2
459383,Cat_1
459384,Cat_3
459385,Cat_2
459386,Cat_2
459391,Cat_3
459394,Cat_4
459397,Cat_3
459398,Cat_1
459401,Cat_3
459403,Cat_3
459405,Cat_1
459407,Cat_1
459409,Cat_1
459410,Cat_3
459412,Cat_3
459413,Cat_3
459415,Cat_4
459418,Cat_3
459419,Cat_2
459420,Cat_2
459421,Cat_4
459422,Cat_3
459423,Cat_4
459424,Cat_2
459428,Cat_4
459432,Cat_1
459436,Cat_2
459439,Cat_3
459445,Cat_3
459447,Cat_2
459449,Cat_3
459451,Cat_2
459456,Cat_4
459458,Cat_4
459459,Cat_1
459461,Cat_3
459464,Cat_1
459466,Cat_2
459467,Cat_3
459469,Cat_4
459471,Cat_3
459480,Cat_1
459481,Cat_1
459482,Cat_4
459485,Cat_2
459496,Cat_2
459497,Cat_2
459499,Cat_1
459503,Cat_2
459505,Cat_1
459507,Cat_2
459509,Cat_4
459512,Cat_2
459515,Cat_2
459516,Cat_3
459518,Cat_1
459535,Cat_3
459536,Cat_4
459538,Cat_1
459541,Cat_3
459549,Cat_4
459555,Cat_1
459558,Cat_4
459564,Cat_4
459566,Cat_2
459567,Cat_3
459571,Cat_3
459576,Cat_1
459579,Cat_2
459581,Cat_1
459582,Cat_1
459583,Cat_3
459585,Cat_3
459587,Cat_1
459588,Cat_2
459591,Cat_3
459592,Cat_4
459594,Cat_1
459597,Cat_3
459603,Cat_1
459607,Cat_2
459608,Cat_1
459612,Cat_4
459616,Cat_4
459617,Cat_3
459618,Cat_3
459621,Cat_4
459625,Cat_1
459626,Cat_4
459632,Cat_4
459644,Cat_4
459652,Cat_1
459658,Cat_3
459664,Cat_2
459665,Cat_2
459672,Cat_3
459673,Cat_1
459678,Cat_4
459680,Cat_1
459686,Cat_1
459691,Cat_3
459692,Cat_3
459693,Cat_3
459699,Cat_2
459701,Cat_2
459710,Cat_1
459711,Cat_2
459712,Cat_4
459713,Cat_4
459715,Cat_4
459718,Cat_2
459725,Cat_2
459727,Cat_1
459740,Cat_4
459742,Cat_3
459745,Cat_1
459746,Cat_2
459747,Cat_3
459748,Cat_1
459755,Cat_2
459756,Cat_4
459760,Cat_4
459763,Cat_4
459767,Cat_4
459771,Cat_1
459779,Cat_1
459780,Cat_1
459785,Cat_1
459793,Cat_1
459795,Cat_2
459801,Cat_4
459804,Cat_3
459806,Cat_2
459808,Cat_2
459815,Cat_1
459816,Cat_4
459819,Cat_2
459821,Cat_1
459822,Cat_1
459825,Cat_4
459827,Cat_4
459832,Cat_4
459845,Cat_4
459851,Cat_1
459853,Cat_4
459856,Cat_3
459857,Cat_1
459861,Cat_4
459864,Cat_3
459866,Cat_3
459867,Cat_2
459869,Cat_4
459871,Cat_1
459885,Cat_4
459886,Cat_1
459887,Cat_3
459889,Cat_2
459897,Cat_2
459909,Cat_4
459910,Cat_2
459911,Cat_4
459914,Cat_2
459923,Cat_4
459925,Cat_4
459937,Cat_2
459943,Cat_2
459945,Cat_2
459946,Cat_3
459949,Cat_3
459953,Cat_2
459961,Cat_1
459962,Cat_2
459966,Cat_1
459968,Cat_1
459970,Cat_2
459973,Cat_1
459974,Cat_1
459975,Cat_3
459981,Cat_4
459986,Cat_1
459995,Cat_1
459996,Cat_1
459998,Cat_2
460004,Cat_2
460006,Cat_4
460014,Cat_4
460023,Cat_1
460027,Cat_1
460033,Cat_1
460036,Cat_4
460040,Cat_3
460045,Cat_2
460046,Cat_2
460050,Cat_1
460051,Cat_1
460052,Cat_4
460058,Cat_1
460059,Cat_1
460061,Cat_4
460066,Cat_4
460068,Cat_2
460073,Cat_2
460075,Cat_2
460079,Cat_1
460081,Cat_1
460088,Cat_4
460090,Cat_1
460093,Cat_2
460095,Cat_3
460097,Cat_2
460099,Cat_2
460101,Cat_4
460103,Cat_1
460105,Cat_2
460106,Cat_2
460107,Cat_3
460108,Cat_3
460109,Cat_3
460110,Cat_2
460112,Cat_3
460116,Cat_1
460118,Cat_2
460119,Cat_3
460122,Cat_1
460124,Cat_2
460126,Cat_3
460134,Cat_4
460135,Cat_4
460140,Cat_3
460141,Cat_1
460144,Cat_2
460146,Cat_1
460147,Cat_3
460157,Cat_1
460160,Cat_4
460162,Cat_4
460166,Cat_4
460167,Cat_4
460168,Cat_3
460171,Cat_2
460174,Cat_3
460175,Cat_1
460177,Cat_2
460179,Cat_2
460183,Cat_4
460185,Cat_4
460187,Cat_2
460189,Cat_4
460190,Cat_4
460192,Cat_1
460196,Cat_4
460206,Cat_2
460211,Cat_1
460212,Cat_4
460214,Cat_3
460222,Cat_3
460223,Cat_1
460227,Cat_4
460242,Cat_4
460243,Cat_1
460247,Cat_4
460248,Cat_4
460252,Cat_1
460263,Cat_1
460265,Cat_3
460270,Cat_1
460272,Cat_4
460275,Cat_3
460276,Cat_3
460281,Cat_4
460283,Cat_1
460284,Cat_1
460287,Cat_1
460289,Cat_3
460298,Cat_4
460303,Cat_1
460305,Cat_2
460306,Cat_4
460310,Cat_4
460315,Cat_4
460319,Cat_4
460322,Cat_1
460323,Cat_1
460324,Cat_1
460327,Cat_2
460333,Cat_1
460336,Cat_4
460340,Cat_1
460341,Cat_4
460344,Cat_3
460346,Cat_2
460348,Cat_3
460349,Cat_3
460354,Cat_1
460356,Cat_4
460358,Cat_4
460361,Cat_2
460362,Cat_1
460365,Cat_1
460369,Cat_2
460370,Cat_4
460371,Cat_4
460378,Cat_1
460379,Cat_1
460380,Cat_4
460381,Cat_1
460384,Cat_4
460387,Cat_1
460388,Cat_2
460389,Cat_3
460390,Cat_1
460392,Cat_1
460394,Cat_4
460397,Cat_1
460399,Cat_4
460401,Cat_3
460404,Cat_1
460405,Cat_4
460406,Cat_4
460408,Cat_2
460409,Cat_3
460415,Cat_1
460422,Cat_3
460431,Cat_4
460434,Cat_3
460437,Cat_1
460440,Cat_1
460443,Cat_1
460447,Cat_1
460449,Cat_4
460450,Cat_2
460453,Cat_1
460454,Cat_2
460457,Cat_1
460459,Cat_4
460460,Cat_4
460467,Cat_3
460470,Cat_2
460476,Cat_2
460477,Cat_4
460484,Cat_4
460485,Cat_4
460489,Cat_4
460492,Cat_4
460495,Cat_4
460504,Cat_1
460505,Cat_1
460507,Cat_4
460508,Cat_4
460518,Cat_3
460522,Cat_3
460541,Cat_1
460542,Cat_2
460545,Cat_1
460546,Cat_3
460547,Cat_3
460549,Cat_1
460550,Cat_3
460551,Cat_3
460555,Cat_3
460556,Cat_2
460558,Cat_3
460561,Cat_3
460563,Cat_3
460566,Cat_3
460571,Cat_4
460572,Cat_4
460574,Cat_1
460582,Cat_1
460583,Cat_4
460585,Cat_4
460586,Cat_1
460588,Cat_4
460597,Cat_4
460598,Cat_1
460605,Cat_1
460606,Cat_4
460612,Cat_4
460615,Cat_4
460618,Cat_3
460619,Cat_1
460621,Cat_3
460622,Cat_2
460626,Cat_4
460627,Cat_4
460633,Cat_1
460634,Cat_4
460637,Cat_4
460638,Cat_1
460639,Cat_4
460640,Cat_4
460645,Cat_3
460646,Cat_1
460653,Cat_4
460656,Cat_1
460658,Cat_2
460659,Cat_2
460660,Cat_1
460661,Cat_4
460668,Cat_4
460678,Cat_1
460686,Cat_4
460687,Cat_3
460691,Cat_4
460702,Cat_3
460703,Cat_4
460706,Cat_4
460708,Cat_1
460716,Cat_2
460719,Cat_3
460720,Cat_3
460722,Cat_1
460726,Cat_2
460727,Cat_2
460729,Cat_1
460733,Cat_1
460734,Cat_1
460738,Cat_1
460740,Cat_2
460743,Cat_2
460746,Cat_3
460763,Cat_2
460769,Cat_3
460780,Cat_1
460783,Cat_2
460785,Cat_2
460789,Cat_4
460794,Cat_4
460796,Cat_4
460802,Cat_2
460811,Cat_1
460813,Cat_2
460815,Cat_3
460822,Cat_1
460825,Cat_4
460828,Cat_1
460830,Cat_2
460831,Cat_4
460837,Cat_2
460838,Cat_1
460840,Cat_3
460844,Cat_1
460846,Cat_4
460847,Cat_1
460851,Cat_2
460855,Cat_3
460857,Cat_1
460859,Cat_4
460860,Cat_3
460861,Cat_4
460866,Cat_4
460870,Cat_4
460871,Cat_3
460872,Cat_2
460877,Cat_3
460878,Cat_3
460882,Cat_4
460888,Cat_1
460891,Cat_3
460897,Cat_4
460898,Cat_3
460899,Cat_1
460901,Cat_4
460902,Cat_1
460905,Cat_4
460906,Cat_1
460907,Cat_1
460923,Cat_3
460924,Cat_4
460928,Cat_3
460934,Cat_4
460935,Cat_2
460945,Cat_4
460953,Cat_1
460961,Cat_4
460962,Cat_3
460963,Cat_1
460968,Cat_1
460975,Cat_3
460976,Cat_4
460977,Cat_2
460979,Cat_4
460981,Cat_1
460984,Cat_2
460988,Cat_2
460989,Cat_4
460991,Cat_4
460993,Cat_3
460999,Cat_3
461000,Cat_1
461001,Cat_2
461015,Cat_3
461016,Cat_4
461022,Cat_1
461023,Cat_2
461024,Cat_1
461028,Cat_4
461029,Cat_1
461034,Cat_4
461037,Cat_4
461038,Cat_1
461041,Cat_4
461042,Cat_4
461043,Cat_4
461044,Cat_4
461049,Cat_2
461050,Cat_1
461053,Cat_4
461059,Cat_4
461060,Cat_3
461065,Cat_2
461071,Cat_2
461078,Cat_1
461082,Cat_4
461085,Cat_1
461093,Cat_3
461099,Cat_1
461111,Cat_1
461114,Cat_3
461116,Cat_4
461118,Cat_4
461119,Cat_4
461121,Cat_4
461124,Cat_4
461127,Cat_4
461128,Cat_4
461129,Cat_2
461131,Cat_2
461145,Cat_2
461152,Cat_4
461154,Cat_4
461158,Cat_1
461162,Cat_4
461163,Cat_2
461168,Cat_1
461169,Cat_4
461174,Cat_2
461177,Cat_2
461178,Cat_4
461179,Cat_4
461181,Cat_4
461183,Cat_4
461187,Cat_4
461197,Cat_4
461198,Cat_4
461201,Cat_1
461205,Cat_4
461211,Cat_1
461214,Cat_3
461215,Cat_1
461218,Cat_4
461220,Cat_4
461221,Cat_2
461225,Cat_4
461226,Cat_1
461230,Cat_4
461232,Cat_1
461233,Cat_1
461236,Cat_4
461237,Cat_4
461241,Cat_4
461242,Cat_1
461243,Cat_4
461248,Cat_4
461251,Cat_4
461252,Cat_2
461256,Cat_4
461257,Cat_3
461258,Cat_3
461262,Cat_1
461263,Cat_2
461265,Cat_4
461269,Cat_4
461274,Cat_1
461276,Cat_4
461277,Cat_3
461281,Cat_4
461286,Cat_4
461289,Cat_4
461292,Cat_4
461297,Cat_1
461299,Cat_2
461303,Cat_4
461308,Cat_4
461309,Cat_4
461313,Cat_3
461314,Cat_3
461319,Cat_3
461320,Cat_1
461322,Cat_3
461323,Cat_3
461324,Cat_3
461326,Cat_2
461335,Cat_3
461340,Cat_3
461346,Cat_2
461348,Cat_4
461350,Cat_3
461352,Cat_4
461356,Cat_4
461357,Cat_2
461363,Cat_2
461366,Cat_4
461370,Cat_4
461377,Cat_2
461378,Cat_2
461379,Cat_4
461383,Cat_2
461388,Cat_4
461397,Cat_4
461402,Cat_4
461408,Cat_4
461421,Cat_1
461423,Cat_1
461426,Cat_3
461428,Cat_2
461432,Cat_3
461437,Cat_3
461439,Cat_3
461441,Cat_3
461442,Cat_3
461454,Cat_3
461456,Cat_1
461457,Cat_1
461458,Cat_4
461462,Cat_4
461465,Cat_3
461466,Cat_1
461468,Cat_3
461469,Cat_3
461476,Cat_3
461479,Cat_3
461480,Cat_3
461482,Cat_2
461494,Cat_4
461501,Cat_2
461503,Cat_2
461510,Cat_1
461514,Cat_2
461516,Cat_3
461518,Cat_3
461521,Cat_2
461522,Cat_3
461525,Cat_1
461526,Cat_4
461530,Cat_2
461534,Cat_2
461540,Cat_2
461546,Cat_4
461548,Cat_4
461553,Cat_1
461556,Cat_1
461558,Cat_3
461564,Cat_2
461570,Cat_2
461574,Cat_3
461587,Cat_4
461593,Cat_3
461602,Cat_1
461604,Cat_3
461612,Cat_4
461615,Cat_1
461617,Cat_2
461619,Cat_3
461624,Cat_3
461626,Cat_3
461630,Cat_3
461637,Cat_2
461644,Cat_2
461653,Cat_3
461655,Cat_2
461658,Cat_3
461659,Cat_3
461661,Cat_3
461663,Cat_4
461668,Cat_3
461671,Cat_4
461674,Cat_3
461676,Cat_1
461679,Cat_4
461681,Cat_4
461683,Cat_1
461685,Cat_4
461686,Cat_2
461690,Cat_1
461694,Cat_4
461695,Cat_3
461698,Cat_3
461701,Cat_3
461705,Cat_3
461708,Cat_2
461709,Cat_4
461711,Cat_1
461716,Cat_3
461720,Cat_2
461722,Cat_4
461724,Cat_1
461725,Cat_1
461727,Cat_1
461737,Cat_2
461738,Cat_3
461744,Cat_2
461747,Cat_2
461749,Cat_4
461752,Cat_3
461756,Cat_1
461760,Cat_3
461769,Cat_1
461771,Cat_1
461775,Cat_1
461778,Cat_1
461780,Cat_1
461782,Cat_3
461784,Cat_3
461788,Cat_2
461791,Cat_4
461792,Cat_4
461800,Cat_2
461801,Cat_2
461802,Cat_1
461804,Cat_2
461807,Cat_4
461815,Cat_2
461816,Cat_4
461821,Cat_4
461822,Cat_3
461824,Cat_4
461832,Cat_2
461837,Cat_3
461845,Cat_3
461846,Cat_2
461848,Cat_4
461858,Cat_4
461859,Cat_3
461860,Cat_1
461862,Cat_2
461864,Cat_4
461872,Cat_2
461873,Cat_3
461874,Cat_3
461882,Cat_3
461892,Cat_4
461896,Cat_1
461898,Cat_3
461899,Cat_4
461901,Cat_4
461910,Cat_2
461913,Cat_1
461914,Cat_3
461921,Cat_2
461927,Cat_2
461928,Cat_2
461929,Cat_4
461930,Cat_2
461931,Cat_4
461936,Cat_3
461937,Cat_2
461941,Cat_2
461943,Cat_4
461962,Cat_2
461963,Cat_2
461965,Cat_4
461967,Cat_3
461968,Cat_1
461978,Cat_4
461985,Cat_4
461988,Cat_1
461989,Cat_2
461993,Cat_3
461994,Cat_4
461996,Cat_1
461999,Cat_2
462007,Cat_3
462011,Cat_4
462013,Cat_3
462015,Cat_1
462016,Cat_3
462017,Cat_1
462027,Cat_1
462029,Cat_1
462033,Cat_4
462038,Cat_3
462043,Cat_2
462044,Cat_1
462048,Cat_4
462051,Cat_4
462052,Cat_2
462053,Cat_1
462058,Cat_4
462060,Cat_3
462064,Cat_3
462068,Cat_2
462075,Cat_1
462078,Cat_2
462080,Cat_2
462081,Cat_4
462083,Cat_4
462084,Cat_1
462085,Cat_4
462088,Cat_2
462090,Cat_2
462091,Cat_4
462094,Cat_4
462096,Cat_1
462102,Cat_2
462103,Cat_1
462108,Cat_1
462109,Cat_4
462111,Cat_3
462114,Cat_4
462116,Cat_3
462118,Cat_4
462120,Cat_1
462128,Cat_3
462131,Cat_1
462134,Cat_4
462141,Cat_2
462149,Cat_4
462151,Cat_2
462163,Cat_3
462168,Cat_1
462171,Cat_4
462172,Cat_3
462174,Cat_4
462177,Cat_1
462179,Cat_3
462180,Cat_2
462186,Cat_4
462187,Cat_1
462188,Cat_2
462196,Cat_2
462197,Cat_1
462198,Cat_4
462200,Cat_2
462202,Cat_1
462203,Cat_1
462204,Cat_4
462205,Cat_4
462209,Cat_1
462210,Cat_2
462211,Cat_4
462214,Cat_4
462216,Cat_1
462218,Cat_2
462220,Cat_4
462222,Cat_4
462229,Cat_4
462231,Cat_2
462232,Cat_1
462234,Cat_4
462238,Cat_1
462240,Cat_2
462243,Cat_4
462246,Cat_1
462249,Cat_1
462256,Cat_2
462257,Cat_2
462260,Cat_4
462262,Cat_3
462274,Cat_3
462275,Cat_2
462278,Cat_4
462279,Cat_1
462280,Cat_4
462281,Cat_2
462284,Cat_3
462285,Cat_3
462286,Cat_2
462290,Cat_1
462291,Cat_4
462297,Cat_2
462300,Cat_3
462304,Cat_2
462306,Cat_1
462309,Cat_4
462310,Cat_3
462323,Cat_1
462336,Cat_1
462339,Cat_1
462340,Cat_2
462342,Cat_3
462345,Cat_3
462346,Cat_4
462349,Cat_3
462355,Cat_1
462356,Cat_1
462358,Cat_1
462365,Cat_2
462368,Cat_1
462370,Cat_2
462381,Cat_1
462382,Cat_3
462384,Cat_4
462386,Cat_4
462389,Cat_2
462395,Cat_2
462396,Cat_3
462397,Cat_3
462400,Cat_1
462401,Cat_1
462409,Cat_1
462411,Cat_1
462415,Cat_4
462420,Cat_2
462421,Cat_2
462423,Cat_2
462424,Cat_3
462428,Cat_3
462429,Cat_1
462445,Cat_4
462446,Cat_4
462447,Cat_4
462450,Cat_4
462451,Cat_4
462452,Cat_4
462454,Cat_4
462456,Cat_4
462457,Cat_4
462463,Cat_3
462472,Cat_2
462473,Cat_1
462485,Cat_1
462488,Cat_4
462491,Cat_4
462492,Cat_2
462496,Cat_3
462498,Cat_2
462503,Cat_3
462508,Cat_4
462512,Cat_1
462517,Cat_1
462518,Cat_2
462519,Cat_4
462521,Cat_4
462522,Cat_1
462524,Cat_2
462525,Cat_3
462526,Cat_3
462529,Cat_2
462531,Cat_2
462533,Cat_1
462538,Cat_2
462541,Cat_3
462542,Cat_3
462543,Cat_1
462545,Cat_4
462554,Cat_4
462561,Cat_3
462563,Cat_3
462566,Cat_4
462577,Cat_4
462578,Cat_2
462580,Cat_1
462584,Cat_4
462587,Cat_2
462589,Cat_1
462595,Cat_1
462596,Cat_4
462600,Cat_4
462607,Cat_2
462609,Cat_4
462611,Cat_4
462612,Cat_4
462613,Cat_2
462615,Cat_4
462617,Cat_4
462619,Cat_2
462625,Cat_4
462626,Cat_4
462632,Cat_2
462637,Cat_1
462643,Cat_1
462654,Cat_1
462658,Cat_1
462668,Cat_2
462669,Cat_3
462678,Cat_2
462680,Cat_3
462683,Cat_2
462685,Cat_2
462687,Cat_4
462692,Cat_1
462696,Cat_2
462697,Cat_3
462702,Cat_2
462704,Cat_3
462705,Cat_3
462716,Cat_4
462720,Cat_4
462722,Cat_3
462723,Cat_2
462727,Cat_2
462729,Cat_4
462731,Cat_3
462732,Cat_4
462735,Cat_2
462736,Cat_1
462738,Cat_2
462739,Cat_2
462743,Cat_4
462746,Cat_4
462747,Cat_4
462752,Cat_4
462755,Cat_4
462756,Cat_4
462761,Cat_4
462762,Cat_2
462767,Cat_4
462768,Cat_3
462776,Cat_3
462785,Cat_2
462788,Cat_3
462792,Cat_1
462799,Cat_4
462804,Cat_1
462807,Cat_3
462810,Cat_4
462814,Cat_3
462817,Cat_2
462819,Cat_3
462823,Cat_1
462824,Cat_4
462826,Cat_4
462827,Cat_3
462834,Cat_4
462838,Cat_2
462841,Cat_4
462845,Cat_3
462849,Cat_1
462850,Cat_4
462853,Cat_4
462854,Cat_4
462858,Cat_4
462861,Cat_4
462866,Cat_1
462868,Cat_1
462869,Cat_1
462871,Cat_1
462872,Cat_4
462874,Cat_2
462887,Cat_1
462890,Cat_4
462891,Cat_3
462894,Cat_2
462900,Cat_2
462903,Cat_3
462905,Cat_3
462914,Cat_3
462920,Cat_2
462923,Cat_4
462925,Cat_1
462927,Cat_4
462936,Cat_1
462941,Cat_4
462944,Cat_3
462951,Cat_4
462956,Cat_2
462958,Cat_2
462963,Cat_2
462966,Cat_3
462968,Cat_1
462971,Cat_3
462976,Cat_3
462981,Cat_4
462982,Cat_1
462983,Cat_3
462984,Cat_3
462986,Cat_4
462992,Cat_2
462993,Cat_2
462994,Cat_2
462998,Cat_1
463003,Cat_3
463012,Cat_4
463020,Cat_4
463023,Cat_4
463024,Cat_2
463028,Cat_1
463030,Cat_3
463034,Cat_4
463037,Cat_2
463039,Cat_2
463040,Cat_1
463044,Cat_1
463047,Cat_4
463051,Cat_4
463052,Cat_4
463058,Cat_4
463062,Cat_2
463069,Cat_1
463075,Cat_3
463080,Cat_4
463083,Cat_3
463085,Cat_1
463086,Cat_1
463088,Cat_3
463089,Cat_3
463090,Cat_2
463091,Cat_4
463094,Cat_1
463096,Cat_2
463099,Cat_2
463100,Cat_4
463102,Cat_1
463104,Cat_4
463106,Cat_3
463108,Cat_1
463118,Cat_2
463120,Cat_1
463129,Cat_1
463133,Cat_3
463138,Cat_1
463144,Cat_3
463145,Cat_2
463146,Cat_2
463148,Cat_3
463149,Cat_3
463150,Cat_4
463151,Cat_2
463154,Cat_1
463156,Cat_3
463157,Cat_1
463158,Cat_3
463163,Cat_4
463164,Cat_3
463165,Cat_3
463166,Cat_1
463170,Cat_4
463171,Cat_1
463173,Cat_2
463174,Cat_2
463175,Cat_1
463181,Cat_2
463187,Cat_3
463192,Cat_2
463195,Cat_4
463196,Cat_2
463199,Cat_3
463201,Cat_4
463203,Cat_4
463204,Cat_1
463209,Cat_1
463218,Cat_1
463219,Cat_1
463220,Cat_3
463221,Cat_4
463224,Cat_3
463240,Cat_1
463242,Cat_1
463244,Cat_1
463245,Cat_2
463248,Cat_4
463251,Cat_4
463256,Cat_4
463258,Cat_3
463260,Cat_4
463265,Cat_2
463266,Cat_3
463267,Cat_1
463269,Cat_3
463270,Cat_1
463273,Cat_2
463276,Cat_1
463277,Cat_4
463278,Cat_2
463280,Cat_3
463292,Cat_1
463302,Cat_2
463308,Cat_1
463316,Cat_2
463323,Cat_4
463324,Cat_4
463330,Cat_4
463332,Cat_2
463334,Cat_4
463335,Cat_1
463338,Cat_4
463340,Cat_4
463341,Cat_1
463348,Cat_2
463351,Cat_4
463356,Cat_4
463360,Cat_4
463367,Cat_3
463368,Cat_3
463372,Cat_4
463375,Cat_2
463376,Cat_3
463378,Cat_4
463379,Cat_2
463386,Cat_1
463387,Cat_4
463391,Cat_2
463395,Cat_4
463404,Cat_2
463406,Cat_3
463409,Cat_2
463411,Cat_2
463420,Cat_3
463423,Cat_2
463427,Cat_4
463428,Cat_1
463431,Cat_2
463437,Cat_3
463438,Cat_3
463443,Cat_2
463444,Cat_2
463447,Cat_2
463452,Cat_1
463460,Cat_3
463461,Cat_4
463462,Cat_1
463470,Cat_4
463472,Cat_4
463473,Cat_4
463475,Cat_2
463477,Cat_3
463483,Cat_4
463491,Cat_4
463493,Cat_2
463499,Cat_1
463500,Cat_1
463503,Cat_1
463508,Cat_1
463509,Cat_4
463512,Cat_2
463516,Cat_3
463527,Cat_1
463528,Cat_1
463529,Cat_1
463533,Cat_3
463537,Cat_2
463545,Cat_4
463548,Cat_4
463550,Cat_3
463553,Cat_1
463554,Cat_3
463557,Cat_4
463560,Cat_4
463561,Cat_1
463566,Cat_4
463572,Cat_2
463577,Cat_3
463586,Cat_4
463588,Cat_4
463598,Cat_4
463601,Cat_4
463603,Cat_4
463605,Cat_4
463606,Cat_3
463614,Cat_3
463615,Cat_3
463616,Cat_2
463619,Cat_1
463620,Cat_4
463623,Cat_3
463624,Cat_2
463628,Cat_1
463632,Cat_1
463638,Cat_2
463639,Cat_3
463640,Cat_4
463644,Cat_4
463652,Cat_1
463654,Cat_4
463655,Cat_1
463661,Cat_3
463663,Cat_3
463664,Cat_1
463665,Cat_3
463669,Cat_1
463670,Cat_2
463689,Cat_1
463699,Cat_4
463703,Cat_3
463704,Cat_2
463707,Cat_4
463713,Cat_4
463714,Cat_3
463716,Cat_4
463718,Cat_4
463722,Cat_3
463724,Cat_2
463726,Cat_4
463727,Cat_1
463728,Cat_4
463732,Cat_4
463734,Cat_2
463741,Cat_1
463745,Cat_2
463747,Cat_3
463748,Cat_4
463753,Cat_1
463756,Cat_2
463761,Cat_1
463764,Cat_3
463766,Cat_3
463767,Cat_2
463768,Cat_1
463774,Cat_1
463776,Cat_3
463782,Cat_1
463783,Cat_2
463784,Cat_1
463785,Cat_4
463786,Cat_3
463790,Cat_4
463792,Cat_1
463794,Cat_2
463799,Cat_2
463800,Cat_1
463804,Cat_2
463807,Cat_1
463811,Cat_1
463814,Cat_4
463816,Cat_3
463818,Cat_2
463819,Cat_1
463821,Cat_2
463825,Cat_3
463827,Cat_2
463828,Cat_4
463830,Cat_1
463834,Cat_2
463835,Cat_4
463842,Cat_2
463847,Cat_3
463856,Cat_3
463857,Cat_2
463859,Cat_3
463865,Cat_3
463877,Cat_1
463880,Cat_2
463884,Cat_4
463891,Cat_2
463892,Cat_1
463904,Cat_4
463917,Cat_4
463923,Cat_4
463924,Cat_2
463926,Cat_1
463931,Cat_2
463932,Cat_3
463941,Cat_4
463943,Cat_3
463946,Cat_4
463948,Cat_2
463951,Cat_2
463955,Cat_2
463958,Cat_3
463961,Cat_1
463963,Cat_4
463966,Cat_1
463978,Cat_3
463980,Cat_3
463981,Cat_1
463983,Cat_4
463986,Cat_3
463997,Cat_1
464000,Cat_4
464004,Cat_4
464007,Cat_1
464009,Cat_3
464010,Cat_3
464013,Cat_4
464016,Cat_1
464019,Cat_4
464021,Cat_4
464023,Cat_4
464030,Cat_4
464031,Cat_4
464032,Cat_4
464033,Cat_4
464039,Cat_2
464042,Cat_3
464046,Cat_4
464048,Cat_4
464049,Cat_4
464053,Cat_2
464054,Cat_3
464059,Cat_2
464063,Cat_1
464066,Cat_1
464067,Cat_1
464068,Cat_2
464071,Cat_1
464072,Cat_1
464076,Cat_2
464084,Cat_2
464087,Cat_4
464089,Cat_2
464096,Cat_2
464099,Cat_1
464103,Cat_3
464110,Cat_3
464112,Cat_1
464115,Cat_4
464118,Cat_1
464121,Cat_2
464123,Cat_1
464127,Cat_2
464132,Cat_4
464137,Cat_3
464139,Cat_4
464144,Cat_3
464152,Cat_1
464162,Cat_1
464167,Cat_3
464169,Cat_2
464172,Cat_4
464173,Cat_3
464175,Cat_4
464176,Cat_4
464179,Cat_3
464180,Cat_4
464182,Cat_1
464183,Cat_2
464185,Cat_1
464195,Cat_1
464200,Cat_4
464202,Cat_1
464204,Cat_2
464205,Cat_2
464206,Cat_1
464211,Cat_1
464212,Cat_3
464216,Cat_1
464217,Cat_1
464223,Cat_3
464226,Cat_3
464231,Cat_3
464232,Cat_4
464246,Cat_3
464254,Cat_3
464255,Cat_3
464257,Cat_2
464265,Cat_1
464269,Cat_1
464270,Cat_3
464271,Cat_2
464274,Cat_3
464276,Cat_3
464283,Cat_1
464286,Cat_3
464287,Cat_3
464289,Cat_4
464292,Cat_3
464297,Cat_1
464298,Cat_4
464308,Cat_3
464318,Cat_4
464320,Cat_1
464326,Cat_2
464332,Cat_3
464339,Cat_4
464344,Cat_2
464351,Cat_4
464364,Cat_3
464368,Cat_2
464370,Cat_3
464373,Cat_2
464378,Cat_3
464381,Cat_3
464382,Cat_3
464386,Cat_2
464387,Cat_2
464389,Cat_3
464392,Cat_3
464396,Cat_2
464412,Cat_4
464424,Cat_4
464425,Cat_1
464432,Cat_4
464433,Cat_1
464436,Cat_1
464437,Cat_2
464441,Cat_1
464451,Cat_2
464456,Cat_3
464468,Cat_1
464473,Cat_3
464474,Cat_1
464478,Cat_1
464481,Cat_3
464482,Cat_3
464483,Cat_3
464485,Cat_4
464487,Cat_1
464488,Cat_3
464494,Cat_3
464499,Cat_1
464501,Cat_2
464504,Cat_3
464506,Cat_4
464517,Cat_3
464522,Cat_1
464526,Cat_2
464528,Cat_2
464533,Cat_2
464536,Cat_1
464540,Cat_1
464544,Cat_2
464549,Cat_2
464550,Cat_1
464552,Cat_3
464553,Cat_2
464555,Cat_4
464560,Cat_1
464561,Cat_1
464566,Cat_2
464569,Cat_4
464570,Cat_1
464572,Cat_4
464576,Cat_4
464577,Cat_4
464580,Cat_4
464581,Cat_4
464586,Cat_2
464593,Cat_1
464594,Cat_4
464597,Cat_1
464601,Cat_4
464603,Cat_1
464606,Cat_3
464607,Cat_3
464608,Cat_3
464618,Cat_1
464620,Cat_1
464621,Cat_3
464637,Cat_4
464641,Cat_4
464652,Cat_1
464654,Cat_2
464664,Cat_2
464666,Cat_4
464670,Cat_1
464673,Cat_2
464674,Cat_1
464675,Cat_4
464677,Cat_4
464683,Cat_2
464684,Cat_4
464685,Cat_4
464688,Cat_4
464690,Cat_4
464691,Cat_3
464692,Cat_4
464693,Cat_1
464695,Cat_4
464696,Cat_1
464697,Cat_3
464699,Cat_4
464701,Cat_1
464704,Cat_2
464707,Cat_1
464711,Cat_2
464712,Cat_1
464722,Cat_2
464726,Cat_1
464728,Cat_4
464732,Cat_1
464737,Cat_1
464739,Cat_2
464746,Cat_4
464752,Cat_4
464755,Cat_2
464756,Cat_1
464758,Cat_2
464760,Cat_2
464765,Cat_2
464766,Cat_2
464769,Cat_2
464772,Cat_1
464774,Cat_2
464780,Cat_4
464790,Cat_2
464792,Cat_4
464794,Cat_1
464799,Cat_4
464802,Cat_4
464804,Cat_1
464806,Cat_4
464809,Cat_2
464812,Cat_2
464813,Cat_2
464817,Cat_4
464818,Cat_4
464825,Cat_4
464827,Cat_2
464828,Cat_4
464831,Cat_4
464832,Cat_4
464835,Cat_4
464836,Cat_4
464845,Cat_1
464849,Cat_3
464851,Cat_4
464852,Cat_4
464854,Cat_1
464857,Cat_4
464861,Cat_4
464864,Cat_4
464865,Cat_1
464868,Cat_1
464872,Cat_1
464873,Cat_3
464876,Cat_2
464879,Cat_1
464884,Cat_1
464885,Cat_1
464886,Cat_2
464902,Cat_4
464905,Cat_4
464907,Cat_3
464910,Cat_3
464911,Cat_3
464915,Cat_2
464916,Cat_1
464919,Cat_1
464920,Cat_1
464921,Cat_1
464925,Cat_1
464927,Cat_3
464932,Cat_4
464938,Cat_1
464939,Cat_4
464940,Cat_1
464944,Cat_2
464947,Cat_4
464957,Cat_4
464960,Cat_4
464961,Cat_1
464963,Cat_2
464972,Cat_1
464973,Cat_1
464981,Cat_3
464987,Cat_2
464990,Cat_3
464991,Cat_1
464995,Cat_2
465001,Cat_2
465005,Cat_3
465012,Cat_2
465014,Cat_1
465022,Cat_2
465023,Cat_2
465026,Cat_4
465032,Cat_3
465035,Cat_3
465038,Cat_2
465039,Cat_2
465040,Cat_1
465045,Cat_2
465056,Cat_1
465069,Cat_3
465075,Cat_3
465076,Cat_3
465079,Cat_4
465082,Cat_4
465087,Cat_2
465091,Cat_3
465092,Cat_3
465093,Cat_1
465095,Cat_3
465099,Cat_2
465100,Cat_3
465101,Cat_3
465105,Cat_2
465109,Cat_4
465111,Cat_3
465112,Cat_2
465113,Cat_3
465119,Cat_3
465120,Cat_2
465121,Cat_2
465122,Cat_3
465124,Cat_1
465128,Cat_3
465134,Cat_2
465136,Cat_3
465144,Cat_1
465147,Cat_1
465148,Cat_1
465150,Cat_1
465153,Cat_3
465155,Cat_4
465160,Cat_2
465164,Cat_4
465171,Cat_3
465172,Cat_2
465175,Cat_4
465176,Cat_2
465181,Cat_4
465182,Cat_4
465186,Cat_3
465187,Cat_2
465188,Cat_3
465189,Cat_1
465194,Cat_4
465196,Cat_4
465197,Cat_3
465201,Cat_3
465202,Cat_4
465203,Cat_4
465204,Cat_3
465213,Cat_2
465214,Cat_4
465216,Cat_3
465226,Cat_1
465228,Cat_3
465231,Cat_3
465236,Cat_1
465237,Cat_2
465242,Cat_4
465249,Cat_4
465254,Cat_4
465261,Cat_4
465264,Cat_4
465267,Cat_4
465274,Cat_2
465285,Cat_1
465288,Cat_4
465289,Cat_1
465290,Cat_2
465294,Cat_4
465295,Cat_1
465296,Cat_1
465303,Cat_3
465306,Cat_4
465310,Cat_4
465319,Cat_4
465326,Cat_1
465333,Cat_3
465335,Cat_3
465340,Cat_4
465342,Cat_3
465344,Cat_2
465345,Cat_3
465351,Cat_2
465352,Cat_2
465354,Cat_4
465357,Cat_3
465358,Cat_3
465359,Cat_1
465364,Cat_1
465366,Cat_2
465371,Cat_1
465372,Cat_1
465383,Cat_2
465384,Cat_2
465391,Cat_3
465393,Cat_3
465395,Cat_1
465399,Cat_1
465405,Cat_1
465408,Cat_4
465410,Cat_3
465417,Cat_2
465419,Cat_1
465423,Cat_3
465428,Cat_1
465433,Cat_2
465435,Cat_1
465437,Cat_2
465440,Cat_4
465441,Cat_1
465445,Cat_4
465458,Cat_3
465461,Cat_3
465463,Cat_4
465464,Cat_1
465467,Cat_4
465471,Cat_2
465472,Cat_1
465473,Cat_3
465477,Cat_1
465479,Cat_4
465482,Cat_4
465483,Cat_3
465484,Cat_3
465488,Cat_4
465489,Cat_1
465492,Cat_1
465496,Cat_3
465505,Cat_1
465507,Cat_1
465508,Cat_4
465510,Cat_3
465518,Cat_2
465520,Cat_3
465521,Cat_3
465522,Cat_4
465529,Cat_4
465538,Cat_3
465539,Cat_2
465541,Cat_3
465543,Cat_1
465547,Cat_2
465550,Cat_4
465551,Cat_3
465554,Cat_4
465555,Cat_4
465558,Cat_1
465568,Cat_3
465569,Cat_1
465571,Cat_3
465577,Cat_3
465584,Cat_2
465586,Cat_3
465587,Cat_2
465594,Cat_4
465598,Cat_4
465600,Cat_2
465601,Cat_1
465602,Cat_1
465603,Cat_1
465605,Cat_2
465611,Cat_3
465612,Cat_2
465616,Cat_3
465621,Cat_2
465625,Cat_1
465627,Cat_4
465629,Cat_3
465635,Cat_4
465638,Cat_1
465640,Cat_3
465644,Cat_4
465645,Cat_2
465649,Cat_1
465651,Cat_4
465653,Cat_3
465655,Cat_3
465656,Cat_4
465658,Cat_3
465663,Cat_2
465667,Cat_4
465668,Cat_4
465669,Cat_1
465670,Cat_1
465675,Cat_1
465680,Cat_4
465685,Cat_4
465688,Cat_3
465689,Cat_4
465695,Cat_4
465697,Cat_3
465703,Cat_4
465704,Cat_2
465705,Cat_3
465706,Cat_3
465721,Cat_4
465722,Cat_1
465725,Cat_4
465727,Cat_4
465728,Cat_1
465733,Cat_1
465734,Cat_1
465736,Cat_2
465737,Cat_4
465740,Cat_1
465742,Cat_3
465751,Cat_2
465753,Cat_3
465766,Cat_1
465768,Cat_1
465769,Cat_4
465772,Cat_2
465775,Cat_4
465776,Cat_4
465777,Cat_1
465784,Cat_4
465788,Cat_4
465793,Cat_2
465797,Cat_3
465804,Cat_1
465809,Cat_2
465811,Cat_4
465813,Cat_4
465818,Cat_2
465823,Cat_1
465826,Cat_4
465828,Cat_4
465829,Cat_1
465830,Cat_1
465831,Cat_1
465837,Cat_2
465841,Cat_1
465848,Cat_4
465849,Cat_4
465851,Cat_1
465853,Cat_1
465857,Cat_1
465860,Cat_2
465863,Cat_3
465865,Cat_4
465866,Cat_1
465867,Cat_2
465873,Cat_4
465875,Cat_2
465884,Cat_3
465893,Cat_3
465894,Cat_4
465907,Cat_4
465916,Cat_1
465923,Cat_4
465925,Cat_4
465927,Cat_4
465930,Cat_2
465931,Cat_1
465935,Cat_1
465937,Cat_4
465941,Cat_4
465948,Cat_3
465953,Cat_2
465957,Cat_1
465960,Cat_4
465961,Cat_1
465963,Cat_3
465965,Cat_4
465972,Cat_4
465974,Cat_2
465975,Cat_2
465976,Cat_2
465979,Cat_3
465982,Cat_2
465983,Cat_4
465996,Cat_4
465997,Cat_4
466001,Cat_1
466007,Cat_2
466017,Cat_2
466019,Cat_3
466020,Cat_4
466022,Cat_1
466023,Cat_2
466024,Cat_1
466032,Cat_2
466042,Cat_1
466043,Cat_3
466046,Cat_1
466058,Cat_1
466069,Cat_3
466071,Cat_2
466078,Cat_1
466079,Cat_1
466082,Cat_1
466083,Cat_4
466084,Cat_1
466085,Cat_4
466088,Cat_2
466090,Cat_1
466092,Cat_3
466099,Cat_2
466103,Cat_1
466109,Cat_1
466111,Cat_2
466114,Cat_3
466115,Cat_4
466118,Cat_1
466124,Cat_1
466128,Cat_1
466130,Cat_4
466132,Cat_4
466136,Cat_4
466138,Cat_2
466140,Cat_1
466141,Cat_3
466142,Cat_1
466143,Cat_3
466146,Cat_3
466148,Cat_2
466149,Cat_4
466153,Cat_3
466154,Cat_3
466156,Cat_3
466157,Cat_2
466161,Cat_3
466162,Cat_2
466166,Cat_2
466172,Cat_3
466178,Cat_3
466180,Cat_4
466185,Cat_3
466200,Cat_2
466201,Cat_3
466206,Cat_3
466207,Cat_3
466208,Cat_3
466210,Cat_3
466211,Cat_2
466213,Cat_4
466218,Cat_4
466223,Cat_2
466225,Cat_4
466226,Cat_3
466233,Cat_3
466235,Cat_3
466236,Cat_2
466238,Cat_4
466246,Cat_4
466247,Cat_3
466253,Cat_4
466257,Cat_2
466264,Cat_4
466268,Cat_3
466271,Cat_4
466274,Cat_1
466276,Cat_4
466278,Cat_1
466282,Cat_3
466285,Cat_4
466286,Cat_3
466287,Cat_1
466289,Cat_4
466290,Cat_4
466292,Cat_1
466297,Cat_4
466300,Cat_3
466301,Cat_3
466306,Cat_4
466313,Cat_2
466315,Cat_1
466317,Cat_2
466318,Cat_4
466319,Cat_4
466320,Cat_1
466321,Cat_1
466324,Cat_1
466326,Cat_4
466335,Cat_4
466337,Cat_1
466341,Cat_3
466347,Cat_2
466352,Cat_2
466355,Cat_3
466367,Cat_2
466370,Cat_3
466372,Cat_3
466373,Cat_2
466376,Cat_2
466377,Cat_3
466380,Cat_1
466381,Cat_2
466382,Cat_2
466387,Cat_2
466389,Cat_3
466391,Cat_3
466392,Cat_1
466393,Cat_2
466395,Cat_1
466397,Cat_4
466400,Cat_2
466401,Cat_2
466402,Cat_3
466404,Cat_1
466406,Cat_4
466408,Cat_3
466411,Cat_3
466414,Cat_1
466418,Cat_2
466419,Cat_2
466422,Cat_4
466427,Cat_4
466429,Cat_1
466443,Cat_2
466450,Cat_4
466455,Cat_4
466456,Cat_1
466457,Cat_1
466463,Cat_4
466464,Cat_3
466466,Cat_4
466467,Cat_3
466468,Cat_4
466474,Cat_1
466478,Cat_2
466483,Cat_4
466486,Cat_2
466488,Cat_3
466490,Cat_2
466493,Cat_1
466500,Cat_2
466501,Cat_1
466502,Cat_4
466516,Cat_4
466517,Cat_1
466526,Cat_3
466527,Cat_4
466530,Cat_4
466533,Cat_1
466535,Cat_1
466536,Cat_4
466538,Cat_2
466541,Cat_4
466543,Cat_4
466545,Cat_4
466550,Cat_4
466552,Cat_4
466553,Cat_4
466556,Cat_4
466562,Cat_4
466564,Cat_4
466565,Cat_2
466576,Cat_4
466586,Cat_4
466588,Cat_4
466596,Cat_3
466603,Cat_2
466606,Cat_2
466613,Cat_4
466623,Cat_3
466628,Cat_3
466631,Cat_3
466634,Cat_4
466635,Cat_3
466644,Cat_3
466650,Cat_4
466652,Cat_3
466655,Cat_4
466656,Cat_3
466658,Cat_4
466662,Cat_2
466665,Cat_3
466666,Cat_4
466671,Cat_3
466686,Cat_4
466687,Cat_4
466688,Cat_4
466689,Cat_1
466696,Cat_3
466704,Cat_3
466705,Cat_4
466707,Cat_3
466713,Cat_3
466718,Cat_3
466720,Cat_4
466721,Cat_3
466725,Cat_2
466731,Cat_1
466732,Cat_2
466733,Cat_2
466735,Cat_4
466746,Cat_3
466749,Cat_4
466750,Cat_4
466751,Cat_4
466752,Cat_4
466753,Cat_3
466754,Cat_2
466759,Cat_4
466760,Cat_2
466765,Cat_2
466769,Cat_3
466775,Cat_2
466776,Cat_2
466777,Cat_3
466778,Cat_1
466788,Cat_4
466790,Cat_1
466791,Cat_1
466792,Cat_3
466795,Cat_3
466799,Cat_4
466802,Cat_2
466804,Cat_1
466807,Cat_1
466808,Cat_1
466810,Cat_4
466811,Cat_4
466813,Cat_2
466814,Cat_4
466815,Cat_3
466816,Cat_2
466818,Cat_2
466826,Cat_4
466832,Cat_3
466833,Cat_2
466846,Cat_4
466863,Cat_4
466867,Cat_4
466871,Cat_2
466874,Cat_2
466884,Cat_1
466886,Cat_4
466891,Cat_1
466905,Cat_2
466906,Cat_1
466908,Cat_1
466909,Cat_2
466910,Cat_1
466917,Cat_4
466918,Cat_3
466920,Cat_4
466923,Cat_4
466926,Cat_4
466927,Cat_4
466936,Cat_1
466938,Cat_2
466939,Cat_2
466951,Cat_3
466954,Cat_2
466955,Cat_1
466956,Cat_2
466961,Cat_3
466966,Cat_3
466967,Cat_2
466970,Cat_2
466971,Cat_4
466975,Cat_2
466990,Cat_2
466996,Cat_2
466998,Cat_3
466999,Cat_1
467000,Cat_1
467008,Cat_3
467009,Cat_4
467022,Cat_3
467023,Cat_1
467025,Cat_4
467044,Cat_1
467046,Cat_4
467050,Cat_4
467053,Cat_4
467058,Cat_2
467060,Cat_4
467063,Cat_2
467073,Cat_1
467078,Cat_4
467079,Cat_3
467084,Cat_1
467085,Cat_1
467088,Cat_2
467092,Cat_4
467093,Cat_2
467098,Cat_1
467099,Cat_1
467107,Cat_2
467111,Cat_1
467112,Cat_2
467113,Cat_1
467114,Cat_3
467116,Cat_1
467119,Cat_2
467121,Cat_1
467125,Cat_2
467127,Cat_4
467129,Cat_1
467132,Cat_2
467136,Cat_1
467137,Cat_4
467138,Cat_4
467139,Cat_3
467143,Cat_4
467144,Cat_4
467146,Cat_4
467147,Cat_1
467153,Cat_3
467157,Cat_2
467158,Cat_4
467159,Cat_1
467160,Cat_2
467165,Cat_4
467167,Cat_3
467168,Cat_3
467172,Cat_1
467180,Cat_4
467183,Cat_2
467185,Cat_4
467189,Cat_3
467193,Cat_2
467201,Cat_4
467202,Cat_1
467208,Cat_1
467212,Cat_2
467216,Cat_1
467217,Cat_2
467218,Cat_1
467223,Cat_2
467227,Cat_1
467230,Cat_4
467232,Cat_1
467233,Cat_2
467235,Cat_2
467238,Cat_4
467239,Cat_2
467241,Cat_1
467242,Cat_4
467247,Cat_4
467256,Cat_2
467260,Cat_4
467263,Cat_4
467268,Cat_1
467275,Cat_4
467281,Cat_2
467283,Cat_3
467288,Cat_2
467296,Cat_3
467300,Cat_2
467301,Cat_2
467303,Cat_2
467309,Cat_1
467311,Cat_3
467312,Cat_2
467313,Cat_1
467314,Cat_2
467317,Cat_1
467318,Cat_4
467322,Cat_3
467325,Cat_2
467329,Cat_1
467338,Cat_4
467339,Cat_3
467344,Cat_2
467345,Cat_2
467346,Cat_2
467352,Cat_2
467355,Cat_4
467357,Cat_3
467358,Cat_3
467359,Cat_2
467365,Cat_1
467367,Cat_4
467369,Cat_1
467373,Cat_4
467375,Cat_1
467378,Cat_3
467384,Cat_2
467385,Cat_1
467389,Cat_4
467393,Cat_3
467398,Cat_1
467399,Cat_4
467403,Cat_2
467410,Cat_4
467415,Cat_4
467419,Cat_2
467421,Cat_2
467422,Cat_3
467423,Cat_4
467434,Cat_2
467437,Cat_3
467438,Cat_4
467441,Cat_1
467442,Cat_2
467444,Cat_2
467445,Cat_1
467449,Cat_2
467451,Cat_1
467455,Cat_2
467456,Cat_3
467457,Cat_2
467459,Cat_2
467463,Cat_2
467468,Cat_2
467472,Cat_3
467474,Cat_4
467479,Cat_2
467481,Cat_3
467482,Cat_3
467487,Cat_2
467488,Cat_3
467492,Cat_1
467493,Cat_3
467499,Cat_3
467500,Cat_3
467503,Cat_4
467504,Cat_4
467505,Cat_1
467510,Cat_1
467511,Cat_1
467514,Cat_1
467518,Cat_4
467532,Cat_2
467533,Cat_1
467537,Cat_4
467539,Cat_3
467540,Cat_4
467542,Cat_4
467557,Cat_3
467559,Cat_3
467565,Cat_3
467569,Cat_4
467570,Cat_4
467576,Cat_3
467579,Cat_1
467580,Cat_4
467588,Cat_3
467589,Cat_1
467592,Cat_1
467595,Cat_4
467596,Cat_1
467604,Cat_4
467608,Cat_4
467609,Cat_1
467610,Cat_2
467612,Cat_1
467614,Cat_2
467620,Cat_2
467621,Cat_1
467623,Cat_3
467629,Cat_1
467635,Cat_2
467641,Cat_2
467643,Cat_1
467654,Cat_3
467657,Cat_4
467658,Cat_4
467659,Cat_2
467664,Cat_3
467666,Cat_3
467667,Cat_4
467669,Cat_1
467673,Cat_2
467678,Cat_4
467679,Cat_3
467683,Cat_4
467684,Cat_4
467685,Cat_1
467693,Cat_2
467694,Cat_3
467699,Cat_1
467705,Cat_4
467706,Cat_3
467707,Cat_1
467710,Cat_1
467715,Cat_3
467721,Cat_4
467723,Cat_4
467726,Cat_2
467727,Cat_3
467728,Cat_2
467729,Cat_3
467733,Cat_3
467734,Cat_1
467735,Cat_4
467737,Cat_1
467739,Cat_3
467740,Cat_4
467741,Cat_4
467749,Cat_4
467763,Cat_2
467767,Cat_3
467768,Cat_3
467769,Cat_2
467772,Cat_4
467779,Cat_3
467789,Cat_4
467798,Cat_4
467802,Cat_3
467803,Cat_2
467806,Cat_4
467808,Cat_3
467812,Cat_2
467813,Cat_1
467815,Cat_3
467825,Cat_3
467828,Cat_3
467838,Cat_3
467848,Cat_1
467849,Cat_1
467852,Cat_2
467856,Cat_3
467860,Cat_2
467861,Cat_2
467864,Cat_3
467865,Cat_2
467868,Cat_2
467876,Cat_3
467879,Cat_3
467880,Cat_3
467882,Cat_1
467883,Cat_3
467888,Cat_2
467891,Cat_4
467892,Cat_4
467894,Cat_3
467895,Cat_1
467898,Cat_2
467901,Cat_3
467904,Cat_1
467905,Cat_2
467911,Cat_2
467913,Cat_2
467915,Cat_4
467917,Cat_4
467927,Cat_1
467929,Cat_2
467930,Cat_3
467932,Cat_2
467933,Cat_4
467934,Cat_1
467938,Cat_1
467940,Cat_4
467946,Cat_3
467948,Cat_4
467949,Cat_4
467950,Cat_1
467954,Cat_4
467958,Cat_2
467960,Cat_1
467961,Cat_3
467968,Cat_4
